Timestamp,Job Title,Company,Location,Job URL,Status
2026-09-30 08:49:29,Python Software Developer,Tutorcloud AI Pvt Ltd,Bengaluru,https://www.naukri.com/job-listings-python-software-developer-tutorcloud-ai-pvt-ltd-bengaluru-1-to-5-years-290926015452,APPLIED
2026-09-30 08:54:04,Python Developer - FastAPI / Flask (Product Engineering),I2global Virtual Learning,Bengaluru,https://www.naukri.com/job-listings-python-developer-fastapi-flask-product-engineering-i2global-virtual-learning-bengaluru-2-to-4-years-250926013235,APPLIED
2026-09-30 09:01:36,Software Engineer,Emsec,Bengaluru,https://www.naukri.com/job-listings-software-engineer-emsec-bengaluru-1-to-4-years-180926034086,APPLIED
2026-09-30 09:04:32,SW Engineer - Prof Svcs,Deltek,Bengaluru,https://www.naukri.com/job-listings-sw-engineer-prof-svcs-deltek-bengaluru-2-to-7-years-310826010071,APPLIED
2026-09-30 09:05:30,Databricks Developer,Infosys,Bengaluru,https://www.naukri.com/job-listings-databricks-developer-infosys-hyderabad-pune-bengaluru-2-to-5-years-190826037388,APPLIED
2026-09-30 09:14:20,Azure Devops Engineer,Infosys,Bengaluru,https://www.naukri.com/job-listings-azure-devops-engineer-infosys-hyderabad-pune-bengaluru-2-to-5-years-190826000011,APPLIED
2026-09-30 09:15:24,Azure Devops Engineer,Infosys,Bengaluru,https://www.naukri.com/job-listings-azure-devops-engineer-infosys-hyderabad-pune-bengaluru-2-to-5-years-180926036044,APPLIED
2026-09-30 09:16:09,Azure Devops Engineer,Infosys,Bengaluru,https://www.naukri.com/job-listings-azure-devops-engineer-infosys-hyderabad-pune-bengaluru-2-to-5-years-290826014366,APPLIED
2026-09-30 09:17:50,Devops & Cloud infrastructure Engineer,Ramxora Private Limited (Treez Enterprise Group),Bengaluru,https://www.naukri.com/job-listings-devops-cloud-infrastructure-engineer-ramxora-private-limited-treez-enterprise-group-bengaluru-2-to-3-years-040926008597,APPLIED
2026-09-30 09:18:33,Azure Devops Engineer,Infosys,Bengaluru,https://www.naukri.com/job-listings-azure-devops-engineer-infosys-hyderabad-chennai-bengaluru-2-to-5-years-260826023699,APPLIED
2026-09-30 09:19:16,Azure Devops Engineer,Infosys,Bengaluru,https://www.naukri.com/job-listings-azure-devops-engineer-infosys-hyderabad-chennai-bengaluru-2-to-5-years-240826016040,APPLIED
2026-09-30 09:19:57,Azure Devops Engineer,Infosys,Bengaluru,https://www.naukri.com/job-listings-azure-devops-engineer-infosys-hyderabad-pune-bengaluru-2-to-5-years-240826015966,APPLIED
2026-09-30 09:21:20,"MLOps Engineer (AWS, SageMaker, Terraform, DevOps)-L",Infosys,Bengaluru,https://www.naukri.com/job-listings-mlops-engineer-aws-sagemaker-terraform-devops-l-infosys-hyderabad-pune-bengaluru-2-to-5-years-260826029763,APPLIED
2026-09-30 09:22:48,Cloud Engineer (AWS/Azure/DevOps) | Women Returnship Program,Infosys,Bengaluru,https://www.naukri.com/job-listings-cloud-engineer-aws-azure-devops-women-returnship-program-infosys-hyderabad-pune-bengaluru-2-to-6-years-100926035576,APPLIED
2026-09-30 09:23:39,Software Development Engineer - Full Stack,Datazymes Analytics,Bengaluru,https://www.naukri.com/job-listings-software-development-engineer-full-stack-datazymes-analytics-bengaluru-2-to-4-years-110626029092,APPLIED
2026-09-30 09:24:28,MLOps + AWS devops,Infosys,Bengaluru,https://www.naukri.com/job-listings-mlops-aws-devops-infosys-hyderabad-chennai-bengaluru-2-to-5-years-290926041279,APPLIED
2026-09-30 09:25:10,MLOps + AWS devops,Infosys,Bengaluru,https://www.naukri.com/job-listings-mlops-aws-devops-infosys-noida-hyderabad-bengaluru-2-to-5-years-290926041282,APPLIED
2026-09-30 09:25:52,MLOps + AWS devops,Infosys,Bengaluru,https://www.naukri.com/job-listings-mlops-aws-devops-infosys-hyderabad-pune-bengaluru-2-to-5-years-290926041277,APPLIED
2026-09-30 09:27:18,MLOps Engineer (2-9 Years),Infosys,Bengaluru,https://www.naukri.com/job-listings-mlops-engineer-2-9-years-infosys-hyderabad-pune-bengaluru-2-to-7-years-300926002029,APPLIED
2026-09-30 09:27:59,Kong Developer,Robotico Digital Llp,Bengaluru,https://www.naukri.com/job-listings-kong-developer-robotico-digital-llp-bengaluru-2-to-4-years-280926009163,APPLIED
2026-09-30 09:28:42,MLOps Engineer (2-9 Years),Infosys,Bengaluru,https://www.naukri.com/job-listings-mlops-engineer-2-9-years-infosys-noida-hyderabad-bengaluru-2-to-7-years-300926001977,APPLIED
2026-09-30 09:30:49,Devsecops Engineer,Mindteck,Bengaluru,https://www.naukri.com/job-listings-devsecops-engineer-mindteck-bengaluru-2-to-5-years-280926002384,APPLIED
2026-09-30 09:38:15,Fullstack Developer (Agentic/ Gen AI),Tech Mahindra,Bengaluru,https://www.naukri.com/job-listings-fullstack-developer-agentic-gen-ai-tech-mahindra-noida-pune-bengaluru-0-to-5-years-300926018042,APPLIED
2026-09-30 09:44:51,Software Development Test Engineer - |,Popclub,Bengaluru,https://www.naukri.com/job-listings-software-development-test-engineer-popclub-bengaluru-1-to-3-years-250926006122,APPLIED
2026-09-30 09:45:35,Fullstack Developer,Gemba Concepts,Bengaluru,https://www.naukri.com/job-listings-fullstack-developer-gemba-concepts-bengaluru-2-to-3-years-280926013232,APPLIED
2026-09-30 09:51:11,Python Data Engineer (ETL & Data Pipeline)-Bangalore Location,Infosys,Bengaluru,https://www.naukri.com/job-listings-python-data-engineer-etl-data-pipeline-bangalore-location-infosys-bengaluru-2-to-5-years-260926006691,APPLIED
2026-09-30 09:51:55,PySpark Data Engineer,Infosys,Bengaluru,https://www.naukri.com/job-listings-pyspark-data-engineer-infosys-hyderabad-pune-bengaluru-2-to-5-years-250926036448,APPLIED
2026-09-30 09:52:36,PySpark Data Engineer,Infosys,Bengaluru,https://www.naukri.com/job-listings-pyspark-data-engineer-infosys-hyderabad-pune-bengaluru-2-to-5-years-250926033179,APPLIED
2026-09-30 09:53:18,PySpark Data Engineer,Infosys,Bengaluru,https://www.naukri.com/job-listings-pyspark-data-engineer-infosys-hyderabad-pune-bengaluru-2-to-5-years-250826031927,APPLIED
2026-09-30 09:54:05,Data Engineer IQ/0160,iQuest Management Consultants Pvt Ltd,Bengaluru,https://www.naukri.com/job-listings-data-engineer-iq-0160-iquest-management-consultants-bengaluru-2-to-7-years-100926021019,APPLIED
2026-09-30 09:56:12,Associate_AEP_CDP Data Engineer,PwC,Bengaluru,https://www.naukri.com/job-listings-associate-aep-cdp-data-engineer-pwc-hyderabad-bengaluru-2-to-4-years-310826014813,APPLIED
2026-09-30 10:01:29,AI & Data Engineer,Lotusverse,Bengaluru,https://www.naukri.com/job-listings-ai-data-engineer-lotusverse-bengaluru-2-to-7-years-310826026199,APPLIED
2026-09-30 10:07:07,Junior AI Engineer - GenAI & Data Engineering (GCP/AWS/Databricks/Snow,Infosys,Bengaluru,https://www.naukri.com/job-listings-junior-ai-engineer-genai-data-engineering-gcp-aws-databricks-snow-infosys-hyderabad-pune-bengaluru-2-to-5-years-290926041892,APPLIED
2026-09-30 10:10:59,GCP BigQuery Developer / Data Engineer (2 To 5 Years),Infosys,Bengaluru,https://www.naukri.com/job-listings-gcp-bigquery-developer-data-engineer-2-to-5-years-infosys-pune-chennai-bengaluru-2-to-5-years-250926035942,APPLIED
2026-09-30 10:16:54,Machine Learning Engineer (0-5),Tech Mahindra,Bengaluru,https://www.naukri.com/job-listings-machine-learning-engineer-0-5-tech-mahindra-noida-pune-bengaluru-0-to-5-years-300926017847,APPLIED
2026-09-30 10:17:45,Site reliability Engineer SRE/Incident Manager-Bangalore location,Infosys,Bengaluru,https://www.naukri.com/job-listings-site-reliability-engineer-sre-incident-manager-bangalore-location-infosys-bengaluru-2-to-5-years-250926036383,APPLIED
2026-09-30 10:19:07,Senior Software Engineer (Go/Kubernetes & Applied AI),Hinduja Global Solutions (HGS),Bengaluru,https://www.naukri.com/job-listings-senior-software-engineer-go-kubernetes-applied-ai-hinduja-global-solutions-hgs-bengaluru-2-to-6-years-250926019104,APPLIED
2026-09-30 10:19:57,Associate Cloud SQL Database Administrator,Client of Augusta,Bengaluru,https://www.naukri.com/job-listings-associate-cloud-sql-database-administrator-augusta-infotech-bengaluru-1-to-3-years-270726027049,APPLIED
