2026-09-11 14:34:09,Devops Engineer,Infosys,Bengaluru,https://www.naukri.com/job-listings-devops-engineer-infosys-limited-bengaluru-1-to-2-years-200826920692,DRY_RUN_APPLIED
2026-09-11 14:34:18,DevOps Engineer,Appscrip,Bengaluru,https://www.naukri.com/job-listings-devops-engineer-appscrip-bengaluru-2-to-3-years-070926918040,DRY_RUN_APPLIED
2026-09-11 14:34:27,Devops Engineer (Git Hub Actions/Git Labs CICD),Infosys,Bengaluru,https://www.naukri.com/job-listings-devops-engineer-git-hub-actions-git-labs-cicd-infosys-limited-bengaluru-2-to-6-years-180826942597,DRY_RUN_APPLIED
2026-09-11 14:34:38,Devops Engineer (Git Hub Actions/Git Labs CICD),Infosys,Bengaluru,https://www.naukri.com/job-listings-devops-engineer-git-hub-actions-git-labs-cicd-infosys-limited-bengaluru-2-to-6-years-180826942597?src=directSearch&sid=17891174398367405&xp=4&px=1,DRY_RUN_APPLIED
2026-09-11 14:39:17,Dotnet Backend Developer,Capgemini,Bengaluru,https://www.naukri.com/job-listings-dotnet-backend-developer-capgemini-technology-services-india-limited-bengaluru-0-to-5-years-020926927307,DRY_RUN_APPLIED
2026-09-11 14:39:24,Dotnet Backend Developer,Capgemini,Bengaluru,https://www.naukri.com/job-listings-dotnet-backend-developer-capgemini-technology-services-india-limited-bengaluru-0-to-5-years-020926927307?src=directSearch&sid=17891177198666295&xp=6&px=1,DRY_RUN_APPLIED
2026-09-11 14:42:52,Sr Node.js (Backend) Developer,Mobile Programming,Remote,https://www.naukri.com/job-listings-sr-node-js-backend-developer-mobileprogramming-remote-2-to-5-years-250522501636,DRY_RUN_APPLIED
2026-09-11 14:43:01,Sr Node.js (Backend) Developer,Mobile Programming,Remote,https://www.naukri.com/job-listings-sr-node-js-backend-developer-mobileprogramming-remote-2-to-5-years-250522501636?src=directSearch&sid=17891178748142781&xp=16&px=1,DRY_RUN_APPLIED
2026-09-11 14:43:56,Software Engineer,Tarlan Ai,Bengaluru,https://www.naukri.com/job-listings-software-engineer-tarlan-bengaluru-2-to-5-years-120826028224,DRY_RUN_APPLIED
2026-09-11 14:44:03,Software Engineer,Tarlan Ai,Bengaluru,https://www.naukri.com/job-listings-software-engineer-tarlan-bengaluru-2-to-5-years-120826028224?src=directSearch&sid=17891180109974068&xp=4&px=1,DRY_RUN_APPLIED
2026-09-11 14:44:56,Python Developer,Appscrip,Bengaluru,https://www.naukri.com/job-listings-python-developer-appscrip-bengaluru-1-to-6-years-070926918045,DRY_RUN_APPLIED
2026-09-11 14:45:05,Python Developer,Appscrip,Bengaluru,https://www.naukri.com/job-listings-python-developer-appscrip-bengaluru-1-to-6-years-070926918045?src=directSearch&sid=1789118070882316&xp=4&px=1,DRY_RUN_APPLIED
2026-09-11 14:45:12,Python Developer,Cloudxtreme,Bengaluru,https://www.naukri.com/job-listings-python-developer-cloudxtreme-hyderabad-bengaluru-2-to-4-years-040926923801,DRY_RUN_APPLIED
2026-09-11 14:45:20,Python Developer,Cloudxtreme,Bengaluru,https://www.naukri.com/job-listings-python-developer-cloudxtreme-hyderabad-bengaluru-2-to-4-years-040926923801?src=directSearch&sid=1789118070882316&xp=5&px=1,DRY_RUN_APPLIED
2026-09-11 14:46:06,Python Developer,Leading Client,Bengaluru,https://www.naukri.com/job-listings-python-developer-rimpac-hr-services-llp-pune-bengaluru-1-to-6-years-270826921428,DRY_RUN_APPLIED
2026-09-11 14:46:15,Python Developer,Leading Client,Bengaluru,https://www.naukri.com/job-listings-python-developer-rimpac-hr-services-llp-pune-bengaluru-1-to-6-years-270826921428?src=directSearch&sid=1789118070882316&xp=12&px=1,DRY_RUN_APPLIED
2026-09-11 14:46:25,Python Developer,Infosys,Bengaluru,https://www.naukri.com/job-listings-python-developer-infosys-limited-bengaluru-1-to-5-years-180826942703,DRY_RUN_APPLIED
2026-09-11 14:46:32,Python Developer,Infosys,Bengaluru,https://www.naukri.com/job-listings-python-developer-infosys-limited-bengaluru-1-to-5-years-180826942703?src=directSearch&sid=1789118070882316&xp=13&px=1,DRY_RUN_APPLIED
2026-09-11 14:46:39,Python Software Developer,Infosys,Bengaluru,https://www.naukri.com/job-listings-python-software-developer-infosys-hyderabad-chennai-bengaluru-2-to-3-years-190826037512,DRY_RUN_APPLIED
2026-09-11 14:46:48,Python Software Developer,Infosys,Bengaluru,https://www.naukri.com/job-listings-python-software-developer-infosys-hyderabad-chennai-bengaluru-2-to-3-years-190826037512?src=directSearch&sid=1789118070882316&xp=14&px=1,DRY_RUN_APPLIED
2026-09-11 14:47:08,"Python developer with RAG , Langraph ,Langchain",Infosys,Bengaluru,https://www.naukri.com/job-listings-python-developer-with-rag-langraph-langchain-infosys-limited-bengaluru-2-to-5-years-120826935462,DRY_RUN_APPLIED
2026-09-11 14:47:17,"Python developer with RAG , Langraph ,Langchain",Infosys,Bengaluru,https://www.naukri.com/job-listings-python-developer-with-rag-langraph-langchain-infosys-limited-bengaluru-2-to-5-years-120826935462?src=directSearch&sid=1789118070882316&xp=17&px=1,DRY_RUN_APPLIED
2026-09-11 14:47:24,Python Developer Infosys,Infosys,Bengaluru,https://www.naukri.com/job-listings-python-developer-infosys-infosys-pune-chennai-bengaluru-2-to-7-years-120826009668,DRY_RUN_APPLIED
2026-09-11 14:47:34,Python Developer Infosys,Infosys,Bengaluru,https://www.naukri.com/job-listings-python-developer-infosys-infosys-pune-chennai-bengaluru-2-to-7-years-120826009668?src=directSearch&sid=1789118070882316&xp=18&px=1,DRY_RUN_APPLIED
2026-09-11 14:47:41,Python developer (Female's Preferred),Infosys,Bengaluru,https://www.naukri.com/job-listings-python-developer-female-s-preferred-infosys-hyderabad-pune-bengaluru-2-to-5-years-240826031542,DRY_RUN_APPLIED
2026-09-11 14:51:53,Devops Engineer,Infosys,Bengaluru,https://www.naukri.com/job-listings-devops-engineer-infosys-limited-bengaluru-1-to-2-years-200826920692,APPLIED
2026-09-11 14:52:13,DevOps Engineer,Appscrip,Bengaluru,https://www.naukri.com/job-listings-devops-engineer-appscrip-bengaluru-2-to-3-years-070926918040,APPLIED
2026-09-11 14:52:35,Devops Engineer (Git Hub Actions/Git Labs CICD),Infosys,Bengaluru,https://www.naukri.com/job-listings-devops-engineer-git-hub-actions-git-labs-cicd-infosys-limited-bengaluru-2-to-6-years-180826942597,APPLIED
2026-09-11 14:56:37,Dotnet Backend Developer,Capgemini,Bengaluru,https://www.naukri.com/job-listings-dotnet-backend-developer-capgemini-technology-services-india-limited-bengaluru-0-to-5-years-020926927307,DRY_RUN_APPLIED
2026-09-11 14:56:44,Dotnet Backend Developer,Capgemini,Bengaluru,https://www.naukri.com/job-listings-dotnet-backend-developer-capgemini-technology-services-india-limited-bengaluru-0-to-5-years-020926927307?src=directSearch&sid=17891187597118912&xp=6&px=1,DRY_RUN_APPLIED
2026-09-11 14:57:31,Dotnet Backend Developer,Capgemini,Bengaluru,https://www.naukri.com/job-listings-dotnet-backend-developer-capgemini-technology-services-india-limited-bengaluru-0-to-5-years-020926927307,APPLIED
2026-09-11 15:00:29,Sr Node.js (Backend) Developer,Mobile Programming,Remote,https://www.naukri.com/job-listings-sr-node-js-backend-developer-mobileprogramming-remote-2-to-5-years-250522501636,DRY_RUN_APPLIED
2026-09-11 15:00:38,Sr Node.js (Backend) Developer,Mobile Programming,Remote,https://www.naukri.com/job-listings-sr-node-js-backend-developer-mobileprogramming-remote-2-to-5-years-250522501636?src=directSearch&sid=17891189194012543&xp=16&px=1,DRY_RUN_APPLIED
2026-09-11 15:01:35,Sr Node.js (Backend) Developer,Mobile Programming,Remote,https://www.naukri.com/job-listings-sr-node-js-backend-developer-mobileprogramming-remote-2-to-5-years-250522501636,APPLIED
2026-09-11 15:01:37,Software Engineer,Tarlan Ai,Bengaluru,https://www.naukri.com/job-listings-software-engineer-tarlan-bengaluru-2-to-5-years-120826028224,DRY_RUN_APPLIED
2026-09-11 15:01:47,Software Engineer,Tarlan Ai,Bengaluru,https://www.naukri.com/job-listings-software-engineer-tarlan-bengaluru-2-to-5-years-120826028224?src=directSearch&sid=17891190702435991&xp=4&px=1,DRY_RUN_APPLIED
2026-09-11 15:02:43,Python Developer,Appscrip,Bengaluru,https://www.naukri.com/job-listings-python-developer-appscrip-bengaluru-1-to-6-years-070926918045,DRY_RUN_APPLIED
2026-09-11 15:02:45,Software Engineer,Tarlan Ai,Bengaluru,https://www.naukri.com/job-listings-software-engineer-tarlan-bengaluru-2-to-5-years-120826028224,APPLIED
2026-09-11 15:02:53,Python Developer,Appscrip,Bengaluru,https://www.naukri.com/job-listings-python-developer-appscrip-bengaluru-1-to-6-years-070926918045?src=directSearch&sid=17891191371189683&xp=4&px=1,DRY_RUN_APPLIED
2026-09-11 15:02:56,Software Engineer,Tarlan Ai,Bengaluru,https://www.naukri.com/job-listings-software-engineer-tarlan-bengaluru-2-to-5-years-120826028224?src=directSearch&sid=17891191351853070&xp=4&px=1,APPLIED
2026-09-11 15:02:59,Python Developer,Cloudxtreme,Bengaluru,https://www.naukri.com/job-listings-python-developer-cloudxtreme-hyderabad-bengaluru-2-to-4-years-040926923801,DRY_RUN_APPLIED
2026-09-11 15:03:08,Python Developer,Cloudxtreme,Bengaluru,https://www.naukri.com/job-listings-python-developer-cloudxtreme-hyderabad-bengaluru-2-to-4-years-040926923801?src=directSearch&sid=17891191371189683&xp=5&px=1,DRY_RUN_APPLIED
2026-09-11 15:03:50,Python Developer,Appscrip,Bengaluru,https://www.naukri.com/job-listings-python-developer-appscrip-bengaluru-1-to-6-years-070926918045,APPLIED
2026-09-11 15:03:56,Python Developer,Leading Client,Bengaluru,https://www.naukri.com/job-listings-python-developer-rimpac-hr-services-llp-pune-bengaluru-1-to-6-years-270826921428,DRY_RUN_APPLIED
2026-09-11 15:04:01,Python Developer,Cloudxtreme,Bengaluru,https://www.naukri.com/job-listings-python-developer-cloudxtreme-hyderabad-bengaluru-2-to-4-years-040926923801,APPLIED
2026-09-11 15:04:05,Python Developer,Leading Client,Bengaluru,https://www.naukri.com/job-listings-python-developer-rimpac-hr-services-llp-pune-bengaluru-1-to-6-years-270826921428?src=directSearch&sid=17891191371189683&xp=12&px=1,DRY_RUN_APPLIED
2026-09-11 15:04:12,Python Developer,Infosys,Bengaluru,https://www.naukri.com/job-listings-python-developer-infosys-limited-bengaluru-1-to-5-years-180826942703,DRY_RUN_APPLIED
2026-09-11 15:04:19,Python Developer,Infosys,Bengaluru,https://www.naukri.com/job-listings-python-developer-infosys-limited-bengaluru-1-to-5-years-180826942703?src=directSearch&sid=17891191371189683&xp=13&px=1,DRY_RUN_APPLIED
2026-09-11 15:04:31,Python Developer,Leading Client,Bengaluru,https://www.naukri.com/job-listings-python-developer-rimpac-hr-services-llp-pune-bengaluru-1-to-6-years-270826921428,APPLIED
2026-09-11 15:04:44,Python Developer,Infosys,Bengaluru,https://www.naukri.com/job-listings-python-developer-infosys-limited-bengaluru-1-to-5-years-180826942703,APPLIED
2026-09-11 15:05:04,Python Software Developer,Infosys,Bengaluru,https://www.naukri.com/job-listings-python-software-developer-infosys-hyderabad-chennai-bengaluru-2-to-3-years-190826037512,APPLIED
2026-09-11 15:05:45,"Python developer with RAG , Langraph ,Langchain",Infosys,Bengaluru,https://www.naukri.com/job-listings-python-developer-with-rag-langraph-langchain-infosys-limited-bengaluru-2-to-5-years-120826935462,APPLIED
2026-09-11 15:06:03,Python Developer Infosys,Infosys,Bengaluru,https://www.naukri.com/job-listings-python-developer-infosys-infosys-pune-chennai-bengaluru-2-to-7-years-120826009668,APPLIED
2026-09-11 15:06:14,Python Developer Infosys,Infosys,Bengaluru,https://www.naukri.com/job-listings-python-developer-infosys-infosys-pune-chennai-bengaluru-2-to-7-years-120826009668?src=directSearch&sid=17891192059173901&xp=18&px=1,APPLIED
2026-09-11 15:06:25,Python developer (Female's Preferred),Infosys,Bengaluru,https://www.naukri.com/job-listings-python-developer-female-s-preferred-infosys-hyderabad-pune-bengaluru-2-to-5-years-240826031542,APPLIED
2026-09-11 15:06:38,Python developer (Female's Preferred),Infosys,Bengaluru,https://www.naukri.com/job-listings-python-developer-female-s-preferred-infosys-hyderabad-pune-bengaluru-2-to-5-years-240826031542?src=directSearch&sid=17891192059173901&xp=19&px=1,APPLIED
2026-09-11 15:07:35,Dev Ops Engineer,Fathershops,Remote,https://www.naukri.com/job-listings-dev-ops-engineer-fathershops-remote-2-to-4-years-290425505038,DRY_RUN_APPLIED
2026-09-11 15:09:33,KVM Developer,NS Global Corporation,Remote,https://www.naukri.com/job-listings-kvm-developer-ns-global-corporation-remote-1-to-5-years-210526505412,APPLIED
2026-09-11 15:10:15,Azure DevOps Engineer,Henson Group,Bengaluru,https://www.naukri.com/job-listings-azure-devops-engineer-henson-group-mumbai-delhi-ncr-bengaluru-0-to-2-years-100926917561,APPLIED
2026-09-11 15:10:41,Red Hat Engineer ( Linux & DevOps ),QCS Dc Labs,Bengaluru,https://www.naukri.com/job-listings-red-hat-engineer-linux-devops-qcs-dc-labs-bengaluru-1-to-5-years-120826920462,APPLIED
2026-09-11 15:11:00,Azure Devops Engineer,Infosys,Bengaluru,https://www.naukri.com/job-listings-azure-devops-engineer-infosys-hyderabad-pune-bengaluru-2-to-5-years-190826000011,APPLIED
2026-09-11 15:11:10,Azure Devops Engineer,Infosys,Bengaluru,https://www.naukri.com/job-listings-azure-devops-engineer-infosys-hyderabad-pune-bengaluru-2-to-5-years-190826000011?src=directSearch&sid=17891196047945670&xp=7&px=1,APPLIED
2026-09-11 15:11:29,AWS Devops Engineer,Capgemini,Bengaluru,https://www.naukri.com/job-listings-aws-devops-engineer-capgemini-technology-services-india-limited-pune-chennai-bengaluru-2-to-6-years-120826935347,APPLIED
2026-09-11 15:11:41,Azure Devops Engineer,Infosys,Bengaluru,https://www.naukri.com/job-listings-azure-devops-engineer-infosys-hyderabad-chennai-bengaluru-2-to-5-years-260826023699,APPLIED
2026-09-11 15:11:55,Azure Devops Engineer,Infosys,Bengaluru,https://www.naukri.com/job-listings-azure-devops-engineer-infosys-hyderabad-chennai-bengaluru-2-to-5-years-260826023699?src=directSearch&sid=17891196047945670&xp=12&px=1,APPLIED
